web_url,snippet,source,keywords,pub_date,word_count,headline.main,headline.kicker,headline.content_kicker,headline.print_headline,headline.name,headline.seo,headline.sub,byline.original,byline.organization,title,genres,spoken_languages,production_countries
https://www.nytimes.com/2023/05/25/movies/the-attachment-diaries-review.html,"A gynecologist and her patient form a horrifyingly twisted connection in this batty, bloody Argentine melodrama.",The New York Times,"subject: Movies;creative_works: The Attachment Diaries (Movie);persons: Diment, Valentin Javier;",2023-05-25T11:00:03+0000,295,"‘The Attachment Diaries’ Review: Love, Sick",,,The Attachment Diaries,,,,By Jeannette Catsoulis,,The Attachment Diaries,"Drama, Mystery, Thriller, Horror",Spanish,Argentina
https://www.nytimes.com/2023/05/04/movies/you-can-live-forever-review.html,Religion comes between two girls falling in love in the 1990s in this sweet coming-of-age film bathed in grunge hues.,The New York Times,"subject: Movies;creative_works: You Can Live Forever (Movie);persons: Slutsky, Mark;persons: Watts, Sarah (Film Director);persons: O'Driscoll, Anwen;persons: Laporte, June (Actor);",2023-05-04T11:00:08+0000,294,‘You Can Live Forever’ Review: Do You Love Me Now?,,,You Can Live Forever,,,,By Elisabeth Vincentelli,,You Can Live Forever,"Drama, Romance","English, French","Canada, United States of America"
https://www.nytimes.com/2023/04/13/movies/one-true-loves-movie-review.html,"A film adaptation of Taylor Jenkins Reid’s novel has potential for drama, but it stumbles on stock melodrama.",The New York Times,"subject: Movies;persons: Bracey, Luke (1989- );persons: Liu, Simu;persons: Reid, Taylor Jenkins;persons: Soo, Phillipa;persons: Fickman, Andy;creative_works: One True Loves (Movie);",2023-04-13T11:00:06+0000,320,‘One True Loves’ Review: A Romance Lost at Sea,,,One True Loves,,,,By Brandon Yu,,One True Loves,"Romance, Drama, Comedy",English,"Germany, United States of America"
https://www.nytimes.com/2023/04/13/movies/the-lost-weekend-a-love-story-review.html,"There’s not much Lennon music heard in this doc about his affair with May Pang, and given how much Pang trashes his wife, Yoko Ono, it’s no surprise it was withheld.",The New York Times,"subject: Documentary Films and Programs;creative_works: The Lost Weekend: A Love Story (Movie);persons: Pang, May;persons: Lennon, John;persons: Ono, Yoko;persons: Brandstein, Eve;persons: Kaufman, Richard S (Filmmaker);persons: Samuels, Stuart (Filmmaker);subject: Content Type: Personal Profile;subject: Pop and Rock Music;",2023-04-13T11:00:03+0000,327,‘The Lost Weekend: A Love Story’ Review: When John Lennon Strayed,,,The Lost Weekend:  A Love Story,,,,By Glenn Kenny,,The Lost Weekend: A Love Story,Documentary,English,United States of America
https://www.nytimes.com/2023/03/30/movies/a-thousand-and-one-review.html,"A mesmerizing Teyana Taylor stars in A.V. Rockwell’s feature directing debut, about motherhood and survival in a fast-changing city.",The New York Times,"subject: Movies;creative_works: A Thousand and One (Movie);persons: Rockwell, AV (Film Director);persons: Taylor, Teyana (1990- );",2023-03-30T18:53:42+0000,971,‘A Thousand and One’ Review: A New York Love Story,Critic’s Pick,,An Unbending Will Meets a Shifting City,,,,By Manohla Dargis,,A Thousand and One,"Drama, Crime","English, Portuguese, Spanish",United States of America
https://www.nytimes.com/2023/02/09/movies/your-place-or-mine-review.html,This humdrum Netflix romantic comedy features Reese Witherspoon and Ashton Kutcher as longtime friends with possibly hidden feelings for each other.,The New York Times,"subject: Movies;creative_works: Your Place or Mine (Movie);persons: Witherspoon, Reese;persons: Kutcher, Ashton;persons: McKenna, Aline Brosh;",2023-02-10T00:00:05+0000,569,‘Your Place or Mine’ Review: Try Neither,,,They Have a Humdrum Kind of Love,,,,By Amy Nicholson,,Your Place or Mine,"Romance, Comedy",English,United States of America
https://www.nytimes.com/2023/02/02/movies/love-in-the-time-of-fentanyl-review.html,"To combat the overdose crisis, a group that includes former and current users open a safe consumption site where shooting up does not have to mean death.",The New York Times,"subject: Documentary Films and Programs;subject: Fentanyl;subject: Drug Abuse and Traffic;subject: Volunteers and Community Service;creative_works: Love in the Time of Fentanyl (Movie);persons: Askey, Colin;glocations: Vancouver (British Columbia);organizations: Overdose Prevention Society;",2023-02-02T12:00:11+0000,306,"‘Love in the Time of Fentanyl’ Review: Heartbreak, Death and Hope in Vancouver",,,Love in the Time Of Fentanyl,,,,By Concepción de León,,Love in the Time of Fentanyl,Documentary,English,"Canada, United States of America"
https://www.nytimes.com/2023/01/19/movies/after-love-review.html,"In this intelligent melodrama by the director Aleem Khan, a British woman discovers her husband has been leading a double life.",The New York Times,"subject: Movies;creative_works: After Love (2020) (Movie);persons: Khan, Aleem;persons: Scanlan, Joanna (1961- );",2023-01-19T12:00:06+0000,359,‘After Love’ Review: The Other Woman,Critic’s Pick,,After Love,,,,By Beatrice Loayza,,After Love,Drama,"English, Arabic, French, Urdu",United Kingdom
https://www.nytimes.com/2023/01/05/movies/alcarras-review.html,"In this naturalistic drama from Spain, a family confronts the impending loss of its generations-old farm.",The New York Times,"subject: Movies;persons: Simon, Carla;creative_works: Alcarras (Movie);",2023-01-05T12:00:03+0000,306,‘Alcarràs’ Review: Labor of Love,,,Alcarràs,,,,By Devika Girish,,Alcarràs,Drama,Catalan,Spain
https://www.nytimes.com/2022/11/23/movies/sound-of-christmas-review.html,A young singer gets more than she bargained for when she accepts a job as a nanny for a billionaire’s children.,The New York Times,"subject: Movies;persons: Ne-Yo;creative_works: The Sound of Christmas (Movie);persons: Mattison, Booker T;persons: McNeill, Serayah;",2022-11-23T15:00:09+0000,277,‘The Sound of Christmas’ Review: A Gospel Singer Finds Love,,,The Sound  Of Christmas,,,,By Concepción de León,,The Sound of Christmas,"TV Movie, Drama",English,United States of America
https://www.nytimes.com/2022/11/17/movies/the-inspection-review-boot-camp-a-love-story.html,"Elegance Bratton’s autobiographical first feature is a lyrical, wrenching look at a young Marine’s journey through basic training.",The New York Times,"subject: Movies;creative_works: The Inspection (Movie);persons: Bratton, Elegance;",2022-11-17T12:00:07+0000,836,"‘The Inspection’ Review: Boot Camp, a Love Story",critic’s pick,,"A Few Good Men, Some With Secrets",,,,By A.O. Scott,,The Inspection,Drama,"Arabic, Spanish, English",United States of America
https://www.nytimes.com/2022/11/17/movies/bones-and-all-review.html,Luca Guadagnino’s latest stars Timothée Chalamet and Taylor Russell as young cannibals on the run.,The New York Times,"subject: Movies;creative_works: Bones and All (Movie);persons: Guadagnino, Luca;persons: Chalamet, Timothee (1995- );persons: Russell, Taylor (1994- );",2022-11-17T12:00:06+0000,710,‘Bones and All’ Review: You Eat What You Are,,,"It’s Eat, Prey, Love on a Journey of Self-Discovery",,,,By A.O. Scott,,Bones and All,"Drama, Horror, Romance",English,"Italy, United States of America"
https://www.nytimes.com/2022/10/20/movies/my-policeman-review.html,"A schoolteacher, her police officer husband and his lover deny each other romantic satisfaction in this dismal melodrama.",The New York Times,"subject: Movies;creative_works: My Policeman (Movie);persons: Grandage, Michael;",2022-10-20T16:52:51+0000,303,"‘My Policeman’ Review: Two Love Affairs, Equally Tragic",,,My Policeman,,,,By Teo Bugbee,,My Policeman,"Drama, Romance",English,"United Kingdom, United States of America"
https://www.nytimes.com/2022/09/08/movies/about-fate-review.html,"Thomas Mann’s beguiling performance drives this Emma Roberts vehicle, but the romantic comedy creaks under the weight of its coincidences.",The New York Times,"subject: Movies;creative_works: About Fate (Movie);persons: Vaysberg, Marius;persons: Mann, Thomas (1991- );persons: Roberts, Emma (1991- );",2022-09-09T01:00:03+0000,289,‘About Fate’ Review: Love the One You’re With?,,,About Fate,,,,By Lisa Kennedy,,About Fate,"Romance, Comedy",English,United States of America
https://www.nytimes.com/2022/09/01/movies/waiting-for-bojangles-review-endless-love.html,"Set in Paris in the 1960s, the film tells the story of two irrepressible lovers, and their young son, whose tale turns tragic.",The New York Times,"subject: Movies;persons: Bourdeaut, Olivier;creative_works: Waiting for Bojangles (Movie);persons: Roinsard, Regis;",2022-09-01T11:00:06+0000,267,‘Waiting for Bojangles’ Review: Endless Love,,,Waiting for Bojangles,,,,By Calum Marsh,,Waiting for Bojangles,"Drama, Comedy, Romance","French, English","France, United States of America"
https://www.nytimes.com/2022/08/04/movies/i-love-my-dad-review.html,This comedy is a daddy-issues movie with a queasy premise truly made for these times.,The New York Times,"subject: Movies;persons: Oswalt, Patton;creative_works: I Love My Dad (Movie);persons: Morosini, James;",2022-08-04T11:00:05+0000,418,‘I Love My Dad’ Review: A Father Catfishes His Son,,,A Father Catfishes His Son. We Just Wait for the Ick.,,,,By Glenn Kenny,,I Love My Dad,Comedy,English,United States of America
https://www.nytimes.com/2022/07/28/movies/a-love-song-review.html,Two former childhood friends rekindle their connection in this sweetly hopeful story of romantic longing.,The New York Times,"subject: Movies;creative_works: A Love Song (Movie);persons: Walker-Silverman, Max;persons: Dickey, Dale (Actor);persons: Studi, Wes;",2022-07-28T11:00:06+0000,395,‘A Love Song’ Review: When Moving Forward Means Looking Back,Critic’s Pick,,The Romantic Ache That Never Truly Dies,,,,By Jeannette Catsoulis,,A Love Song,"Drama, Romance","English, Spanish",United States of America
https://www.nytimes.com/2022/07/21/movies/alone-together-review.html,"Katie Holmes writes, directs and stars in this minor-key rom-com set in 2020.",The New York Times,"subject: Movies;persons: Holmes, Katie;creative_works: Alone Together (Movie);",2022-07-21T15:37:18+0000,254,‘Alone Together’ Review: Finding Love in a Pandemic Retreat,,,Alone Together,,,,By Teo Bugbee,,Alone Together,"Romance, Drama",English,United States of America
https://www.nytimes.com/2022/07/07/movies/thor-love-and-thunder-review.html,"The director Taika Waititi injects antic silliness, once again, into this Marvel franchise starring Chris Hemsworth, who swings a mighty hammer and flexes mightier muscles.",The New York Times,"subject: Movies;organizations: Marvel Studios;persons: Bale, Christian;persons: Crowe, Russell;persons: Hemsworth, Chris;persons: Waititi, Taika;persons: Thompson, Tessa;persons: Portman, Natalie;",2022-07-07T18:26:10+0000,942,‘Thor: Love and Thunder’ Review: A God’s Comic Twilight,,,"He’s Still a Norse God, But Also a Big Old Goof",,,,By Manohla Dargis,,Thor: Love and Thunder,"Fantasy, Action, Comedy",English,United States of America
https://www.nytimes.com/2022/07/07/movies/both-sides-of-the-blade-review.html,"In the latest film from Claire Denis, Juliette Binoche plays a Parisian radio journalist in a romantic quandary.",The New York Times,"subject: Movies;persons: Denis, Claire;persons: Binoche, Juliette;persons: Lindon, Vincent;creative_works: Both Sides of the Blade (Movie);",2022-07-07T11:00:07+0000,649,‘Both Sides of the Blade’ Review: Who Do You Love?,,,A Bliss Doomed To Be Doused,,,,By A.O. Scott,,Both Sides of the Blade,"Drama, Romance",French,France
https://www.nytimes.com/2022/07/06/movies/fire-of-love-review.html,Sara Dosa’s new documentary chronicles the lives and deaths of the French scientists Katia and Maurice Krafft.,The New York Times,"subject: Documentary Films and Programs;subject: Volcanoes;creative_works: Fire of Love (Movie);subject: Content Type: Personal Profile;subject: Deaths (Fatalities);persons: Dosa, Sara;persons: Krafft, Maurice (1946-91);persons: Krafft, Katia (1942-91);",2022-07-06T11:00:06+0000,609,‘Fire of Love’ Review: A Volcanic Romance,critic’s pick,,A Volcanic Romance Across Continents,,,,By A.O. Scott,,Fire of Love,Documentary,"English, French, Spanish, Portuguese","Canada, United States of America"
https://www.nytimes.com/2022/06/16/movies/stay-prayed-up-review.html,"A new documentary about the gospel ensemble the Branchettes and its guiding light, Lena Mae Perry, is a plain-spoken tribute.",The New York Times,"subject: Documentary Films and Programs;subject: Gospel Music;creative_works: Stay Prayed Up (Movie);subject: Content Type: Personal Profile;persons: Perry, Lena Mae;organizations: Branchettes (Music Group);persons: Anderson, DL (Filmmaker);persons: Durning, Matthew;",2022-06-16T11:00:08+0000,330,‘Stay Prayed Up’ Review: Spreading the Gospel of Love,,,Stay Prayed Up,,,,By Glenn Kenny,,Stay Prayed Up,Documentary,English,United States of America
https://www.nytimes.com/2022/06/02/movies/benediction-review.html,"Terence Davies’s latest film is a biography of Siegfried Sassoon, whose writing about World War I changed British literature.",The New York Times,"subject: Movies;persons: Davies, Terence;creative_works: Benediction (Movie);persons: Lowden, Jack (1990- );subject: Poetry and Poets;persons: Sassoon, Siegfried;",2022-06-02T11:00:06+0000,883,"‘Benediction’ Review: A Poet’s Life, in Love and War",,,"A Poet’s Life, In Love and War",,,,By A.O. Scott,,Benediction,"Drama, History, War","German, English, French","United Kingdom, United States of America"
https://www.nytimes.com/2022/05/26/movies/dinner-in-america-review.html,A rage-fueled rock singer on the run from the police meets and falls in love with a gullible young woman eager to escape her circumstances.,The New York Times,"subject: Movies;persons: Rehmeier, Adam;creative_works: Dinner in America (Book);",2022-05-26T11:00:04+0000,254,‘Dinner in America’ Review: A Punk-Rock Love Story,,,Dinner in America,,,,By Concepción de León,,Dinner in America,"Comedy, Drama, Music, Romance",English,United States of America
https://www.nytimes.com/2022/05/03/movies/in-a-new-york-minute-review.html,This drama from Ximan Li teases time in telling the stories of three Chinese women living in a city that tempts promise but delivers frustration.,The New York Times,subject: Movies;creative_works: In A New York Minute (Movie);persons: Ximan Li;,2022-05-03T21:05:25+0000,299,‘In a New York Minute’ Review: Love or Freedom?,,,In a New York Minute,,,,By Lisa Kennedy,,In a New York Minute,Drama,English,
https://www.nytimes.com/2022/04/28/movies/anais-in-love-review.html,"A restless woman discovers herself in a seductive French romance that throws out the usual dusty script about women, desire and pleasure.",The New York Times,"subject: Movies;persons: Bourgeois-Tacquet, Charline;creative_works: Anais in Love (Movie);",2022-04-28T16:18:57+0000,842,‘Anaïs in Love’ Review: Portrait of a Woman on the Run,Critic’s Pick,,Portrait of a Restless Heart,,,,By Manohla Dargis,,Anaïs in Love,"Drama, Romance, Comedy","French, English",France
https://www.nytimes.com/2022/04/28/movies/i-love-america-review.html,The determinedly uplifting comedy follows a 50-year-old French filmmaker as she dates in Los Angeles.,The New York Times,"subject: Movies;persons: Marceau, Sophie;creative_works: I Love America (Movie);persons: Azuelos, Lisa;",2022-04-28T11:00:07+0000,291,‘I Love America’ Review: The Gauche Rituals of Modern Romance,,,I Love America,,,,By Nicolas Rapold,,I Love America,"Comedy, Romance","French, English",United States of America
https://www.nytimes.com/2022/04/18/movies/see-you-then-review.html,"Former lovers reconnect, litigating the past and present, in this drama from Mari Walker.",The New York Times,"subject: Movies;creative_works: See You Then (Movie);persons: Walker, Mari;",2022-04-18T11:00:03+0000,300,‘See You Then’ Review: The More Things Stay the Same,,,The Persistent Melancholy of Love,,,,By Kyle Turner,,See You Then,Drama,English,United States of America
https://www.nytimes.com/2022/04/07/movies/la-mami-review-tough-love.html,This documentary about the den mother of dancers at a Mexico City cabaret is vérité at its best.,The New York Times,"subject: Documentary Films and Programs;subject: Women and Girls;subject: Dancing;subject: Bars and Nightclubs;subject: Labor and Jobs;subject: Content Type: Personal Profile;glocations: Mexico City (Mexico);glocations: Mexico;creative_works: La Mami (Movie);persons: Garvin, Laura Herrero;",2022-04-07T11:00:04+0000,278,‘La Mami’ Review: Tough Love,Critic’s Pick,,La Mami,,,,By Beandrea July,,La Mami,Documentary,Spanish,"Mexico, Spain"
https://www.nytimes.com/2022/03/17/movies/love-after-love-review.html,Ann Hui’s World War II-era film is lovely to look at but lacks emotional depth and resonance.,The New York Times,"subject: Movies;organizations: MUBI Inc;persons: Hui, Ann;persons: Peng, Eddie (1982- );glocations: Hong Kong;creative_works: Love After Love (Movie);",2022-03-17T11:00:12+0000,292,‘Love After Love’ Review: Elegance Without a Center,,,Love After Love,,,,By Claire Shaffer,,Love After Love,Drama,Mandarin,China
https://www.nytimes.com/2022/03/17/movies/deep-water-review.html,An unhappy husband raises suspicions when his wife’s lovers begin to disappear.,The New York Times,"subject: Movies;creative_works: Deep Water (Movie);persons: Affleck, Ben;persons: Lyne, Adrian;persons: de Armas, Ana;",2022-03-17T11:00:05+0000,534,‘Deep Water’ Review: Love and Loathing in New Orleans,,,A Non-Erotic Non-Thriller,,,,By Jeannette Catsoulis,,Deep Water,"Drama, Mystery, Thriller",English,United States of America
https://www.nytimes.com/2022/03/03/movies/lucy-and-desi-review.html,"This documentary, directed by Amy Poehler and about the dynamic duo behind “I Love Lucy,” favors the good times over the difficult ones.",The New York Times,"subject: Documentary Films and Programs;persons: Ball, Lucille;persons: Arnaz, Desi;persons: Poehler, Amy;creative_works: Lucy and Desi (Movie);subject: Television;subject: Actors and Actresses;subject: Content Type: Personal Profile;",2022-03-03T16:06:54+0000,279,‘Lucy and Desi’ Review: Love in the Time of Television,,,Lucy and Desi,,,,By Natalia Winkelman,,Lucy and Desi,Documentary,English,United States of America
https://www.nytimes.com/2022/02/23/movies/cyrano-review.html,Peter Dinklage wields pen and sword in a musical adaptation of the durable French romance.,The New York Times,"subject: Movies;creative_works: Cyrano (Movie);persons: Wright, Joe;persons: Dinklage, Peter;persons: Bennett, Haley;persons: Harrison, Kelvin Jr;persons: Berninger, Matt;persons: Besser, Carin;persons: Dessner, Aaron;persons: Schmidt, Erica (1975- );organizations: National, The (Music Group);",2022-02-24T00:36:54+0000,845,‘Cyrano’ Review: Who Wrote the Book of Love?,,,Who Gets to Write the Book of Love?,,,,By A.O. Scott,,Cyrano,"Drama, Romance",English,"Canada, United Kingdom, United States of America"
https://www.nytimes.com/2022/02/11/movies/the-in-between-review.html,A teenage girl thinks that her dead boyfriend’s spirit is reaching out from the Great Beyond.,The New York Times,"persons: King, Joey;persons: Allen, Kyle (1994- );subject: Movies;persons: Posin, Arie;creative_works: The In Between (Movie);",2022-02-11T08:00:06+0000,285,‘The In Between’ Review: Love Never Dies,,,The In Between,,,,By Lena Wilson,,The In Between,"Romance, Science Fiction, Drama",English,United States of America
https://www.nytimes.com/2022/02/04/movies/book-of-love-review.html,"Unbeknown to the author of an uninspired romance novel, the book takes a sharp turn into erotic territory in its Spanish-language release.",The New York Times,"subject: Movies;persons: Claflin, Sam;persons: Cal y Mayor, Analeine;creative_works: Book of Love (Movie);",2022-02-04T05:01:04+0000,269,‘Book of Love’ Review: Lust (Eventually) in Translation,,,Book of Love,,,,By Natalia Winkelman,,Book of Love,"Comedy, Romance","English, Spanish, Portuguese","Mexico, United Kingdom, United States of America"
https://www.nytimes.com/2022/01/13/movies/the-pink-cloud-review.html,Iuli Gerbase’s first feature film reflects a funhouse-mirror image of our present lives.,The New York Times,"subject: Movies;creative_works: The Pink Cloud (Movie);persons: Gerbase, Iuli;",2022-01-13T12:00:05+0000,316,‘The Pink Cloud’ Review: Love in Lockdown,,,The Pink Cloud,,,,By Claire Shaffer,,The Pink Cloud,"Drama, Science Fiction",Portuguese,Brazil
https://www.nytimes.com/2021/12/23/movies/a-journal-for-jordan-review.html,The actors Michael B. Jordan and Chanté Adams bring a compelling chemistry to the screen as opposites who fall for each other.,The New York Times,"subject: Movies;creative_works: A Journal for Jordan (Movie);persons: Washington, Denzel;persons: Jordan, Michael B;persons: Adams, Chante;subject: Books and Literature;creative_works: A Journal for Jordan: A Story of Love and Honor (Book);persons: Canedy, Dana;subject: Black People;subject: Blacks;",2021-12-23T18:54:12+0000,505,‘A Journal for Jordan’ Review: Reflections on Love Built and Lost,,,Reflections on Love That’s Built and Lost,,,,By Lisa Kennedy,,A Journal for Jordan,"Drama, Romance",English,"Canada, United States of America"
https://www.nytimes.com/2021/12/08/movies/west-side-story-review.html,"Steven Spielberg rediscovers the breathing, troubling essence of a classic, building a bold and current screen musical with no pretense to perfection.",The New York Times,"subject: Movies;subject: Theater;persons: Alvarez, David (1994- );persons: Bernstein, Leonard;persons: DeBose, Ariana;persons: Kushner, Tony;persons: Laurents, Arthur;persons: Peck, Justin;persons: Robbins, Jerome;persons: Sondheim, Stephen;persons: Spielberg, Steven;persons: Tesori, Jeanine;glocations: New York City;creative_works: West Side Story (2021) (Movie);",2021-12-08T14:55:30+0000,1316,"‘West Side Story’ Review: In Love and War, 1957 Might Be Tonight",Critic’s Pick,,"Meeting a Girl Named Maria, Again",,,,By A.O. Scott,,West Side Story,"Crime, Drama, Romance","Spanish, English",United States of America
https://www.nytimes.com/2021/11/05/movies/love-hard-review.html,"When a perennially single journalist travels across the country to meet her dream guy, she finds she’s been catfished.",The New York Times,"subject: Movies;creative_works: Love Hard (Movie);persons: Jimenez, Hernan;",2021-11-05T07:01:03+0000,343,"‘Love Hard’ Review: Seeking Connection, Not Perfection",,,Love Hard,,,,By Concepción de León,,Love Hard,"Comedy, Romance",English,United States of America
https://www.nytimes.com/2021/10/14/movies/bergman-island-review.html,"In Mia Hansen-Love’s new film, Vicky Krieps and Tim Roth play filmmakers on the rocks in the Baltic Sea.",The New York Times,"subject: Movies;persons: Bergman, Ingmar;persons: Roth, Tim;persons: Wasikowska, Mia;persons: Hansen-Love, Mia;creative_works: Bergman Island (Movie);persons: Krieps, Vicky;",2021-10-14T16:00:06+0000,888,‘Bergman Island’ Review: Love Among the Cinephiles,critic’s pick,,Scenes From Not Quite a Marriage,,,,By A.O. Scott,,Bergman Island,"Drama, Romance","German, English, Swedish","Belgium, France, Germany, Mexico, Sweden"
https://www.nytimes.com/2021/10/14/movies/hard-luck-love-song-review.html,"Drawn from the plotline of a Todd Snider song, the film follows a pool shark and an escort, taking twists that are both violent and silly.",The New York Times,"subject: Movies;persons: Dorman, Michael (1981- );creative_works: Hard Luck Love Song (Movie);persons: Bush, Sophia (1982- );",2021-10-14T12:27:03+0000,320,‘Hard Luck Love Song’ Review: A Glossy Take on a Gritty Tune,,,Hard Luck Love Song,,,,By Glenn Kenny,,Hard Luck Love Song,"Romance, Music, Drama, Thriller","English, Spanish",United States of America
https://www.nytimes.com/2021/10/07/movies/south-of-heaven-review.html,Jason Sudeikis plays a paroled felon who vows to give his dying lover the best year of her life.,The New York Times,"subject: Movies;persons: Sudeikis, Jason;persons: Lilly, Evangeline (1979- );persons: Keshales, Aharon;creative_works: South of Heaven (Movie);",2021-10-07T17:17:19+0000,323,‘South of Heaven’ Review: Anything for Love,,,South of Heaven,,,,By Amy Nicholson,,South of Heaven,"Crime, Drama, Thriller",English,"United Kingdom, United States of America"
https://www.nytimes.com/2021/09/16/movies/wife-of-a-spy-review-trust-or-fear-in-love-and-war.html,"In this latest work by Kiyoshi Kurosawa, a Japanese couple’s relationship is shaped by the forces of churning nationalism that surround it.",The New York Times,"subject: Movies;persons: Kurosawa, Kiyoshi;creative_works: Wife of a Spy (Movie);",2021-09-16T11:00:07+0000,448,‘Wife of a Spy’ Review: Trust or Fear in Love and War?,Critic’s Pick,,Marriage Amid Nationalism,,,,By Glenn Kenny,,Wife of a Spy,"Drama, War, Thriller","English, Japanese",Japan
https://www.nytimes.com/2021/09/02/movies/happier-than-ever-review.html,"In the Disney+ concert film “Happier Than Ever: A Love Letter to Los Angeles,” the pop star Billie Eilish pays tribute to the star-struck hauntedness of that city.",The New York Times,"subject: Documentary Films and Programs;subject: Music;persons: Eilish, Billie;persons: Rodriguez, Robert;creative_works: Happier Than Ever: A Love Letter to Los Angeles (Movie);persons: Osborne, Patrick (Film Director);glocations: Los Angeles (Calif);",2021-09-02T11:00:07+0000,302,‘Happier Than Ever’ Review: Modern Pop Meets Classic Hollywood,,,Happier Than Ever:  A Love Letter  to Los Angeles,,,,By Teo Bugbee,,Happier Than Ever,Drama,Portuguese,Brazil
https://www.nytimes.com/2021/08/26/movies/together-review.html,Sharon Horgan and James McAvoy play a battling couple trapped in lockdown in this theatrical pandemic drama.,The New York Times,"subject: Movies;creative_works: Together (Movie);persons: Daldry, Stephen;persons: McAvoy, James;persons: Horgan, Sharon (1970- );",2021-08-26T11:00:06+0000,412,‘Together’ Review: Love and Loathing in London,,,Love and Loathing in a Blighted London,,,,By Jeannette Catsoulis,,Together,"Drama, Comedy",English,United Kingdom
https://www.nytimes.com/2021/08/05/movies/annette-review.html,"Adam Driver and Marion Cotillard are star-crossed lovers in this hallucinatory musical, written by Sparks and directed by Leos Carax.",The New York Times,"subject: Movies;persons: Carax, Leos;persons: Cotillard, Marion;persons: Driver, Adam;persons: Mael, Ron;persons: Mael, Russell;creative_works: Annette (Movie);organizations: Sparks (Music Group);",2021-08-05T11:00:07+0000,1069,‘Annette’ Review: Love Hurts,Critic’s Pick,,A Star Is Born. You Won’t Like Him.,,,,By A.O. Scott,,Annette,"Drama, Romance","English, French","Belgium, France, Germany, Greece, Japan, Mexico, Switzerland"
https://www.nytimes.com/2021/07/29/movies/resort-to-love-review.html,"In this romantic comedy, a woman reeling from a failed engagement and a flailing career escapes to a glamorous island resort.",The New York Times,"subject: Movies;persons: Milian, Christina;creative_works: Resort to Love (Movie);persons: Tsuchida, Steven;",2021-07-29T11:00:07+0000,310,‘Resort to Love’ Review: A Struggling Singer in Paradise,,,"Her Ex Returns, With His Bride-to-Be",,,,By Concepción de León,,Resort to Love,"Romance, Comedy",English,United States of America
https://www.nytimes.com/2021/07/14/movies/casanova-last-love-review-reappraising-a-philanderer.html,Benoît Jacquot’s erotic costume drama envisions the Italian playboy as a weathered sad sack living in exile.,The New York Times,"subject: Movies;persons: Jacquot, Benoit;creative_works: Casanova, Last Love (Movie);",2021-07-14T22:12:43+0000,312,"‘Casanova, Last Love’ Review: Reappraising a Philanderer",,,"Casanova, Last Love",,,,By Beatrice Loayza,,"Casanova, Last Love","Drama, Romance","English, French, German, Italian","Belgium, France, United States of America"
https://www.nytimes.com/2021/07/08/movies/running-against-the-wind-review.html,Two childhood best friends reunite in this unfocused yet uplifting sports drama by the filmmaker Jan Philipp Weyl.,The New York Times,"subject: Movies;creative_works: Running Against the Wind (Movie);persons: Weyl, Jan Philipp;",2021-07-08T11:00:05+0000,342,‘Running Against the Wind’ Review: Love and Friendship in Addis Ababa,,,Running Against the Wind,,,,By Beatrice Loayza,,Running Against the Wind,Drama,Amharic,"Ethiopia, Germany"
https://www.nytimes.com/2021/06/03/movies/undine-review.html,"Paula Beer and Franz Rogowski, who made an impression in 2019’s “Transit,” are reunited by the director Christian Petzold for this adaptation of a European myth.",The New York Times,"subject: Movies;persons: Petzold, Christian;persons: Rogowski, Franz;creative_works: Undine (Movie);persons: Beer, Paula (1995- );",2021-06-03T11:00:08+0000,535,‘Undine’ Review: Love In and Out of the Water,Critic’s Pick,,She’s Like a Sprite Out of Water,,,,By Glenn Kenny,,Undine,"Fantasy, Drama, Romance","English, German, Spanish","France, Germany"
https://www.nytimes.com/2021/05/20/movies/this-town-review.html,This small-town comedy from New Zealand looks at the romance between a country girl and a man accused of killing his family.,The New York Times,"subject: Movies;creative_works: This Town (Movie);persons: White, David (Director);",2021-05-20T20:19:17+0000,287,‘This Town’ Review: Love and Rifles,,,This Town,,,,By Devika Girish,,This Town,Comedy,English,New Zealand
https://www.nytimes.com/2021/04/15/movies/monday-review.html,"Fiery physical contact keeps an expat couple together in Greece, and the sex scenes are enough for a half-dozen movies.",The New York Times,"subject: Movies;persons: Papadimitropoulos, Argyris;persons: Stan, Sebastian;persons: Gough, Denise (1980- );creative_works: Monday (Movie);",2021-04-15T11:00:08+0000,349,‘Monday’ Review: A Year of Love and Its Hangovers,,,Monday,,,,By Glenn Kenny,,Monday,"Drama, Romance","English, Greek","Greece, United Kingdom, United States of America"
https://www.nytimes.com/2021/04/15/movies/ride-or-die-review.html,"After upending her life, a woman runs away with her longtime crush in this puzzling Japanese drama.",The New York Times,"subject: Movies;creative_works: Ride or Die (Movie);persons: Hiroki, Ryuichi;",2021-04-15T11:00:03+0000,338,‘Ride or Die’ Review: Killing for Love,,,This Is Somehow a Love That’s Worth Killing For,,,,By Natalia Winkelman,,Ride or Die,"Drama, Romance, Thriller","English, Japanese","Japan, United States of America"
https://www.nytimes.com/2021/03/18/movies/luz-review.html,"In this romantic drama from Jon Garcia, two men find love in prison, then try to make it work on the outside.",The New York Times,"subject: Movies;creative_works: Luz (Movie);persons: Garcia, Jon (1979- );",2021-03-18T11:00:08+0000,296,‘Luz’ Review: Love In and Out of Lockup,,,Luz,,,,By Teo Bugbee,,Luz,,,
https://www.nytimes.com/2021/03/18/movies/happily-review.html,"In this keeps-you-guessing comedy, Joel McHale and Kerry Bishé play a couple married for 14 years whose mutual passion is undimmed, to the annoyance of their friends.",The New York Times,"subject: Movies;creative_works: Happily (Movie);persons: Grabinski, BenDavid;",2021-03-18T11:00:06+0000,344,‘Happily’ Review: Does Long-Lived Love Mean You Need Treatment?,,,Happily,,,,By Glenn Kenny,,Happily,"Comedy, Romance, Science Fiction, Thriller",English,United States of America
https://www.nytimes.com/2021/02/23/movies/this-is-the-life-review.html,"Ava DuVernay’s 2008 documentary, now streaming on Netflix, is a personal love letter to a slice of Los Angeles’s 1990s hip-hop scene.",The New York Times,"subject: Documentary Films and Programs;subject: Rap and Hip-Hop;persons: DuVernay, Ava;subject: Black People;subject: Blacks;glocations: California;glocations: Los Angeles (Calif);creative_works: This Is the Life (Movie);",2021-02-23T19:47:00+0000,470,‘This Is the Life’ Review: A Valuable Part of Hip-Hop History,Critic’s Pick,,A Love Letter to 1990s California Hip-Hop,,,,By Robert Daniels,,This Is the Life,"Documentary, Music",English,United States of America
https://www.nytimes.com/2021/02/11/movies/to-all-the-boys-always-and-forever-review.html,"This final installment of the Netflix rom-com trilogy is earnest, bright-eyed and without a hint of cynicism.",The New York Times,"subject: Movies;persons: Condor, Lana;persons: Fimognari, Michael;persons: Centineo, Noah;creative_works: To All the Boys: Always and Forever (Movie);",2021-02-12T02:00:03+0000,482,‘To All the Boys: Always and Forever’ Review: Love Sweet Love,,,A Rom-Com Sequel That May Cause Cavities,,,,By Maya Phillips,,To All the Boys: Always and Forever,"Romance, Comedy, Drama","English, Korean",United States of America
https://www.nytimes.com/2021/02/11/movies/young-hearts-review.html,"The brother and sister filmmakers Sarah Sherman and Zachary Ray Sherman deliver romance, unadorned.",The New York Times,"subject: Movies;creative_works: Young Hearts (Movie);persons: Sherman, Sarah (Film Director);persons: Sherman, Zachary Ray (1984- );",2021-02-11T12:00:06+0000,324,‘Young Hearts’ Review: Movie Love by Algorithm,,,Young Hearts,,,,By Kristen Yoonsoo Kim,,Young Hearts,"Romance, Comedy",English,United States of America
https://www.nytimes.com/2021/02/04/movies/little-fish-review.html,This sci-fi romance imagines a world with widespread memory loss through the eyes of one couple.,The New York Times,"subject: Movies;creative_works: Little Fish (Movie);persons: Hartigan, Chad;",2021-02-04T12:00:06+0000,315,‘Little Fish’ Review: Do You Remember Love?,,,Little Fish,,,,By Kristen Yoonsoo Kim,,Little Fish,"Romance, Science Fiction, Drama",English,"Canada, United States of America"
https://www.nytimes.com/2021/01/21/movies/atlantis-review-a-bleak-apocalypse-love-story.html,"Ukraine’s official Oscar entry, the movie depicts an all-too-convincing dystopia, with no fancy gadgets or cars.",The New York Times,"subject: Movies;creative_works: Atlantis (Movie);persons: Vasyanovych, Valentyn;",2021-01-21T12:00:06+0000,320,‘Atlantis’ Review: A Bleak Apocalypse Love Story,Critic’s Pick,,Atlantis,,,,By Glenn Kenny,,Atlantis,"Music, Documentary",French,"France, Italy"
https://www.nytimes.com/2020/12/24/movies/review-your-name-engraved-herein.html,The filmmaker Patrick Liu keeps the focus on the two young men in this Taiwanese drama and blurs the rest.,The New York Times,"subject: Movies;glocations: Taiwan;persons: Liu, Patrick (Filmmaker);creative_works: Your Name Engraved Herein (Movie);",2020-12-24T12:00:06+0000,295,‘Your Name Engraved Herein’ Review: When Love Is All You Can See,,,Your Name Engraved Herein,,,,By Teo Bugbee,,Your Name Engraved Herein,"Romance, Drama","Mandarin, English","Taiwan, United States of America"
https://www.nytimes.com/2020/12/17/movies/museum-town-review.html,This documentary looks at how a contemporary art museum in Western Massachusetts transformed a struggling small town.,The New York Times,"subject: Documentary Films and Programs;subject: Art;creative_works: Museum Town (Movie);persons: Trainer, Jennifer;organizations: Massachusetts Museum of Contemporary Art;subject: Museums;glocations: North Adams (Mass);",2020-12-17T15:49:52+0000,280,‘Museum Town’ Review: A Love Letter to Mass MoCA,,,Museum Town,,,,By Lovia Gyarkye,,Museum Town,Documentary,English,United States of America
https://www.nytimes.com/2020/12/10/movies/wild-mountain-thyme-review.html,John Patrick Shanley adapts his play “Outside Mullingar” into a movie. (Don’t worry about the accents.),The New York Times,"subject: Movies;persons: Shanley, John Patrick;persons: Blunt, Emily;persons: Dornan, Jamie;creative_works: Outside Mullingar (Play);creative_works: Wild Mountain Thyme (Movie);",2020-12-10T12:00:04+0000,341,‘Wild Mountain Thyme’ Review: Finding Love Down on the Farm,,,Wild Mountain Thyme,,,,By Glenn Kenny,,Wild Mountain Thyme,"Romance, Drama",English,"Ireland, United Kingdom"
https://www.nytimes.com/2020/11/26/movies/my-psychedelic-love-story-review.html,"This Errol Morris documentary explores the relationship between the LSD guru and Joanna Harcourt-Smith, a woman who likened herself to Mata Hari.",The New York Times,"subject: Documentary Films and Programs;creative_works: My Psychedelic Love Story (Movie);persons: Harcourt-Smith, Joanna (1946-2020);persons: Morris, Errol;subject: LSD (Lysergic Acid Diethylamide);subject: Content Type: Personal Profile;",2020-11-26T12:00:05+0000,599,‘My Psychedelic Love Story’ Review: On the Run With Timothy Leary,Critic’s Pick,,Acid and Romance: On the Run With Timothy Leary,,,,By Glenn Kenny,,My Psychedelic Love Story,Documentary,English,United States of America
https://www.nytimes.com/2020/11/17/movies/69-saga-of-danny-hernadez-review.html,The rise and fall of the provocative rapper Tekashi69 is chronicled in this Hulu documentary.,The New York Times,"subject: Documentary Films and Programs;subject: Rap and Hip-Hop;persons: Gandhi, Vikram;persons: 6ix9ine (Rapper);creative_works: 69: The Saga of Danny Hernandez (Movie);",2020-11-17T19:07:20+0000,363,‘69: The Saga of Danny Hernandez’ Review: A SoundCloud-Rap Rat,,,"Loved in Hip-Hop, but Loathed in the End",,,,By Calum Marsh,,69: The Saga of Danny Hernandez,"Music, Documentary",English,United States of America
https://www.nytimes.com/2020/11/12/movies/ammonite-review.html,Kate Winslet’s fossil hunter and Saoirse Ronan’s convalescent embark on a forbidden seaside romance.,The New York Times,"subject: Movies;persons: Ronan, Saoirse;persons: Winslet, Kate;persons: Lee, Francis (1969- );creative_works: Ammonite (Movie);",2020-11-12T12:00:04+0000,510,‘Ammonite’ Review: Love on the Rocks,Critic’s Pick,,Love on the Rocks,,,,By Jeannette Catsoulis,,Ammonite,"Romance, Drama",English,United Kingdom
https://www.nytimes.com/2020/10/15/movies/love-and-monsters-review.html,The new sci-fi adventure from Michael Matthews lacks the self-seriousness of typical dystopian flicks but doesn’t completely lack depth.,The New York Times,"persons: Matthews, Michael (Film Director);subject: Movies;creative_works: Love and Monsters (Movie);",2020-10-15T11:00:07+0000,284,‘Love and Monsters’ Review: Coming-of-Age After the Apocalypse,,,Love and Monsters,,,,By Lovia Gyarkye,,Love and Monsters,"Comedy, Action, Adventure, Science Fiction",English,United States of America
https://www.nytimes.com/2020/10/01/movies/dick-johnson-is-dead-review.html,"With the help of her father, the documentary filmmaker Kirsten Johnson made a surprising, endearing movie about his death.",The New York Times,"creative_works: Dick Johnson Is Dead (Movie);subject: Documentary Films and Programs;persons: Johnson, Kirsten (1965- );creative_works: Cameraperson (Movie);subject: Death and Dying;",2020-10-01T11:00:08+0000,816,"‘Dick Johnson Is Dead’ Review: A Father’s Painful, Funny Goodbye",Critic’s pick,,A Love Letter Delivered Along With a Death Notice,,,,By Manohla Dargis,,Dick Johnson Is Dead,Documentary,English,United States of America
https://www.nytimes.com/2020/09/03/movies/love-guaranteed-review-swiping-left-on-online-dating.html,Rachael Leigh Cook stars in this rom-com about a lawyer and her charming new client who wants to sue a dating website for falsely promising love.,The New York Times,"subject: Movies;persons: Cook, Rachael Leigh;persons: Wayans, Damon Jr;persons: Johnson, Mark Steven;creative_works: Love, Guaranteed (Movie);",2020-09-03T07:01:05+0000,343,"‘Love, Guaranteed’ Review: Swiping Left on Online Dating",,,"Love, Guaranteed",,,,By Natalia Winkelman,,"Love, Guaranteed","Romance, Comedy",English,United States of America
https://www.nytimes.com/2020/06/19/movies/feel-the-beat-review.html,A prickly professional dancer becomes a reluctant instructor for a preteen dance troupe in this formulaic dramedy.,The New York Times,"subject: Movies;persons: Carson, Sofia (1993- );persons: Down, Elissa (1975- );creative_works: Feel the Beat (Movie);",2020-06-19T07:01:02+0000,253,‘Feel the Beat’ Review: Tough Love in the Dance Studio,,,A Young Troupe Needs Some Ballet Tough Love,,,,By Natalia Winkelman,,Feel the Beat,"Comedy, Music, Drama","English, Turkish","Canada, United States of America"
https://www.nytimes.com/2020/06/18/movies/babyteeth-review.html,"Eliza Scanlen plays a seriously ill high schooler who falls for the wrong guy who turns out to have the right stuff, after all.",The New York Times,"subject: Movies;creative_works: Babyteeth (Movie);persons: Murphy, Shannon (Film Director);persons: Scanlen, Eliza;persons: Wallace, Toby (1996- );",2020-06-18T16:31:36+0000,517,"‘Babyteeth’ Review: Love Means Never Having, Well, You Know",,,"Love Means Never Having, Well, You Know",,,,By Manohla Dargis,,Babyteeth,"Drama, Comedy, Romance",English,Australia
https://www.nytimes.com/2020/06/03/movies/spelling-the-dream-review.html,"This Netflix documentary explores the unbroken Indian-American dominance of the U.S. national spelling bee, to less than winning results.",The New York Times,"subject: Documentary Films and Programs;subject: Scripps National Spelling Bee;persons: Rega, Sam;creative_works: Spelling the Dream (Movie);subject: Spelling;organizations: Netflix Inc;",2020-06-03T12:44:10+0000,296,‘Spelling the Dream’ Review: Words of Inspiration,,,Love of Language Spells Success,,,,By Bilal Qureshi,,Spelling the Dream,Documentary,English,United States of America
https://www.nytimes.com/2020/04/29/movies/a-secret-love-review.html,"This tender film explores the partnership between two women who lived, in public and to kin, as dear friends for six decades.",The New York Times,"subject: Documentary Films and Programs;subject: Homosexuality and Bisexuality;persons: Bolan, Chris (Filmmaker);creative_works: A Secret Love (Movie);",2020-04-29T07:01:02+0000,309,‘A Secret Love’ Review: A Lesbian Couple’s Enduring Affection,,,Making a Haven of Their Own,,,,By Natalia Winkelman,,A Secret Love,Documentary,English,United States of America
https://www.nytimes.com/2020/04/10/movies/love-wedding-repeat-review-a-tumble-down-the-aisle.html,A couple’s reception becomes a disaster (or does it?) in this comedy of multiple errors.,The New York Times,"subject: Movies;creative_works: Love Wedding Repeat (Movie);persons: Craig, Dean (1974- );persons: Claflin, Sam;persons: Munn, Olivia;",2020-04-10T07:01:05+0000,414,‘Love Wedding Repeat’ Review: A Tumble Down the Aisle,Movie Review,,Pratfalling Down The Aisle,,,,By Amy Nicholson,,Love Wedding Repeat,"Comedy, Romance","English, Italian","United Kingdom, Italy"
https://www.nytimes.com/2020/03/05/movies/hope-gap-review-a-thin-line-between-love-and-war.html,Annette Bening and Bill Nighy play a couple that has lost its way after 29 years of marriage.,The New York Times,"subject: Movies;persons: Bening, Annette;persons: Nighy, Bill;persons: Nicholson, William (1948- );creative_works: Hope Gap (Movie);",2020-03-05T12:00:03+0000,257,‘Hope Gap’ Review: A Thin Line Between Love and War,,,Hope Gap,,,,By Aisha Harris,,Hope Gap,Drama,English,United Kingdom
https://www.nytimes.com/2020/02/28/movies/all-the-bright-places-review.html,Elle Fanning and Justice Smith breathe life into a film about mental illness and the healing power of love.,The New York Times,"subject: Movies;creative_works: All the Bright Places (Movie);persons: Haley, Brett;persons: Fanning, Elle;persons: Smith, Justice (1995- );organizations: Netflix Inc;",2020-02-28T08:01:07+0000,233,‘All the Bright Places’ Review: Love Amid Trauma,Streaming Movie Review,,A Refreshing Exploration of Mental Illness,,,,By Candice Frederick,,All the Bright Places,"Romance, Drama",English,United States of America
https://www.nytimes.com/2020/02/13/movies/the-photograph-review.html,Issa Rae and a terrific Lakeith Stanfield play a New York couple whose romance sends them and the story into the past.,The New York Times,"subject: Movies;creative_works: The Photograph (Movie);persons: Meghie, Stella;persons: Rae, Issa;persons: Stanfield, Lakeith;",2020-02-13T20:54:33+0000,862,‘The Photograph’ Review: An Unabashedly Old-School Love Story,,,An Unabashedly Old-School Love Story,,,,By Manohla Dargis,,The Photograph,"Drama, Romance",English,"Canada, United States of America"
https://www.nytimes.com/2020/02/12/movies/ordinary-love-review.html,Lesley Manville and Liam Neeson play a married couple facing a cancer diagnosis.,The New York Times,"subject: Movies;creative_works: Ordinary Love (Movie);persons: Neeson, Liam;persons: Manville, Lesley;persons: D'Sa, Lisa Barros;persons: Leyburn, Glenn;",2020-02-12T19:46:45+0000,569,‘Ordinary Love’ Review: In Sickness and in Health,,,Old-Sweater Lives,,,,By A.O. Scott,,Ordinary Love,"Drama, Romance",English,"Ireland, United Kingdom"
https://www.nytimes.com/2020/02/11/movies/to-all-the-boys-ps-i-still-love-you-review.html,The second installment in Netflix’s ’80s-style teen romance trilogy asks the question John Hughes left unanswered.,The New York Times,"subject: Movies;persons: Condor, Lana;persons: Centineo, Noah;creative_works: To All the Boys: PS I Still Love You (Movie);persons: Fimognari, Michael;",2020-02-11T18:33:41+0000,654,"‘To All the Boys: P.S. I Still Love You’ Review: Bliss, for Now",Streaming Movie Review,,"Follow Your Bliss While It Lasts, Kids",,,,By Amy Nicholson,,To All the Boys: P.S. I Still Love You,"Romance, Comedy",English,United States of America
https://www.nytimes.com/2020/01/09/movies/the-woman-who-loves-giraffes-review.html,"This warm documentary uses one woman’s singular passion to fuel a tale of zoological discovery, blatant sexism and environmental alarm.",The New York Times,"subject: Documentary Films and Programs;subject: Giraffes;creative_works: The Woman Who Loves Giraffes (Movie);persons: Dagg, Anne Innis;persons: Reid, Alison (Filmmaker);",2020-01-09T12:00:04+0000,279,‘The Woman Who Loves Giraffes’ Review: Crackers for Animals,,,A Special Spot  In Her Heart,,,,By Jeannette Catsoulis,,The Woman Who Loves Giraffes,Documentary,,"Canada, South Africa, United States of America"
https://www.nytimes.com/2019/11/05/movies/marriage-story-review.html,"Adam Driver and Scarlett Johansson self-consciously uncouple in Noah Baumbach’s tender, stinging tale of divorce.",The New York Times,"subject: Movies;persons: Baumbach, Noah;creative_works: Marriage Story (Movie);persons: Driver, Adam;persons: Johansson, Scarlett;persons: Alda, Alan;persons: Dern, Laura;persons: Liotta, Ray;",2019-11-05T19:01:02+0000,1244,‘Marriage Story’ Review: Dance Me to the End of Love,critic’s pick,,"Friendly Split, Shattering Break",,,,By A.O. Scott,,Marriage Story,Drama,English,United Kingdom
https://www.nytimes.com/2019/10/17/movies/cyrano-my-love-review.html,This superficial take on the writing and initial staging of “Cyrano de Bergerac” is a whirlwind of soapy declarations and backstage chaos.,The New York Times,"subject: Movies;creative_works: Cyrano, My Love (Movie);persons: Michalik, Alexis;",2019-10-17T11:00:03+0000,291,"‘Cyrano, My Love’ Review: A Nose for Romance",,,"Cyrano, My Love",,,,By Jeannette Catsoulis,,"Cyrano, My Love","Comedy, History","French, Russian","Belgium, France"
https://www.nytimes.com/2019/10/03/movies/pretenders-review.html,"Directed by James Franco and featuring James Franco, this film indulges in a distasteful brand of nostalgia.",The New York Times,"subject: Movies;persons: Franco, James;creative_works: Pretenders (Movie);",2019-10-03T11:00:07+0000,276,"‘Pretenders’ Review: A Little New Wave Love, a Lot of Misogyny",,,Pretenders,,,,By Glenn Kenny,,Pretenders,Drama,English,United States of America
https://www.nytimes.com/2019/09/26/movies/first-love-review.html,The prolific director Takashi Miike delivers an unusually satisfying Japanese genre romp.,The New York Times,"subject: Movies;persons: Miike, Takashi;creative_works: First Love (Movie);",2019-09-26T11:00:06+0000,398,‘First Love’ Review: Eluding Assassins With the Help of a Boxer,Critic’s Pick,,"Assassin Variations, by Way of Japan",,,,By Glenn Kenny,,First Love,"Romance, Drama",English,United States of America
https://www.nytimes.com/2019/09/19/movies/loro-review.html,Toni Servillo plays the former Italian Prime Minister Silvio Berlusconi in Paolo Sorrentino’s extravagant portrait.,The New York Times,"subject: Movies;creative_works: Loro (Movie);persons: Servillo, Toni;persons: Sorrentino, Paolo;persons: Berlusconi, Silvio;glocations: Italy;",2019-09-19T17:27:07+0000,820,"‘Loro’ Review: A Corrupt Leader, and the People Who Love Him",,,Corruption and Charisma Personified,,,,By A.O. Scott,,Loro,Drama,Italian,"France, Italy"
https://www.nytimes.com/2019/08/29/movies/falling-inn-love-review.html,"It’s hard to find a reliable, talented, reasonably priced, eco-friendly contractor these days.",The New York Times,"subject: Movies;organizations: Netflix Inc;persons: Kumble, Roger;persons: Milian, Christina;persons: Demos, Adam;creative_works: Falling Inn Love (Movie);",2019-08-29T14:56:44+0000,374,‘Falling Inn Love’ Review: A Prize That Needs Some Work,Streaming Movie Review,,A Fine Romance to Watch While Sorting Socks,,,,By Helen T. Verongos,,Falling Inn Love,"Romance, Comedy",English,United States of America
https://www.nytimes.com/2019/08/22/movies/hot-air-review.html,Steve Coogan stars in this cumbersome political comedy.,The New York Times,"subject: Movies;persons: Coogan, Steve;persons: Coraci, Frank;creative_works: Hot Air (Movie);persons: Campbell, Neve;",2019-08-22T15:50:09+0000,266,‘Hot Air’ Review: A Right-Wing Radio Host Learns to Love Again,,,Hot Air,,,,By Bilge Ebiri,,Hot Air,Drama,English,United States of America
https://www.nytimes.com/2019/08/08/movies/love-anthosa-review.html,"Anton Yelchin, who played Chekov in the J.J. Abrams-produced “Star Trek” films, assembled an eclectic filmography before his death at 27 in 2016.",The New York Times,"subject: Documentary Films and Programs;creative_works: Love, Antosha (Movie);persons: Price, Garret;persons: Yelchin, Anton;",2019-08-08T09:00:10+0000,319,"‘Love, Antosha’ Review: A Heartbreaking Look at an Actor’s Too-Short Life",Critic’s Pick,,"Love, Antosha",,,,By Glenn Kenny,,"Love, Antosha",Documentary,"English, Russian",United States of America
https://www.nytimes.com/2019/05/21/movies/the-tomorrow-man-review.html,Blythe Danner and John Lithgow strain to elevate this twee late-life romance.,The New York Times,"subject: Movies;creative_works: The Tomorrow Man (Movie);persons: Danner, Blythe;persons: Lithgow, John;persons: Jones, Noble;",2019-05-21T11:00:01+0000,280,‘The Tomorrow Man’ Review: Love Among the Neuroses,,,"They Whirl, They Twirl, They Tango",,,,By Jeannette Catsoulis,,The Tomorrow Man,"Drama, Romance",English,United States of America
https://www.nytimes.com/2019/05/16/movies/asako-i-and-ii-review.html,The Japanese director Ryusuke Hamaguchi follows up his marathon “Happy Hour” with a story of love among young urbanites.,The New York Times,"subject: Movies;creative_works: Asako I & II (Movie);persons: Hamaguchi, Ryusuke;",2019-05-16T11:00:01+0000,547,‘Asako I & II’ Review: Double the Love (and the Heartbreak),Critic’s Pick,,Falling For a Drifter And His Lookalike,,,,By Glenn Kenny,,Asako I & II,"Drama, Romance","Japanese, English",Japan
https://www.nytimes.com/2019/05/15/movies/the-sun-is-also-a-star-review.html,"Yara Shahidi and Charles Melton play teenagers falling in love on a hectic, sunny day in New York.",The New York Times,"subject: Movies;creative_works: The Sun Is Also a Star (Movie);persons: Russo-Young, Ry;persons: Shahidi, Yara (2000- );persons: Yoon, Nicola (Author);persons: Melton, Charles (1991- );",2019-05-15T16:01:27+0000,697,"‘The Sun Is Also a Star’ Review: A Charming, if Generic, Adolescent Love Story",,,A Beautiful Day for Young Hearts,,,,By A.O. Scott,,The Sun Is Also a Star,"Romance, Drama",English,United States of America
https://www.nytimes.com/2019/05/10/movies/sheherazade-review.html,The options are few and most of them involve risk or further deprivation for these French teenagers who face the world with little support.,The New York Times,"subject: Movies;organizations: Netflix Inc;creative_works: Sheherazade (Movie);persons: Marlin, Jean-Bernard;",2019-05-10T11:00:01+0000,350,‘Shéhérazade’ Review: Love in the Mean Streets of Marseille,Streaming Movie Review,,,,,,By Helen T. Verongos,,Shéhérazade,"Drama, Thriller, Romance",French,France
https://www.nytimes.com/2019/05/02/movies/long-shot-review.html,The improbably yet perfectly paired stars play old friends who unexpectedly find love in this charming (and a bit vulgar) romantic comedy.,The New York Times,"subject: Movies;subject: Comedy and Humor;persons: Odenkirk, Bob;persons: Rogen, Seth;persons: Theron, Charlize;creative_works: Long Shot (Movie);persons: Levine, Jonathan A (1976- );",2019-05-02T17:43:25+0000,1025,‘Long Shot’ Review: Charlize Theron and Seth Rogen Give Good Heart,Critic’s Pick,,Beating the Odds for Love and Bliss,,,,By Manohla Dargis,,Long Shot,"Comedy, Romance","French, English, Swedish",United States of America
https://www.nytimes.com/2019/05/02/movies/clara-review.html,A ruthless empiricist searching for life beyond Earth learns a thing or two about life on the planet.,The New York Times,"subject: Movies;creative_works: Clara (Movie);persons: Adams, Patrick J;persons: Esmer, Ennis (1978- );persons: Sherman, Akash;",2019-05-02T11:00:04+0000,256,‘Clara’ Review: Love Means Never Having to Say You’re Starry,,,Clara,,,,By Ben Kenigsberg,,Clara,"Science Fiction, Drama, Romance","Spanish, English",Canada
https://www.nytimes.com/2019/04/19/movies/kalank-review.html,Abhishek Varman’s maximalist melodrama delivers spectacle (some of it mind-numbing) but fails to tell a gripping story.,The New York Times,"subject: Movies;creative_works: Kalank (Movie);persons: Varman, Abhishek;",2019-04-19T15:38:08+0000,479,‘Kalank’ Review: A Bollywood Love Story in the Shadow of Partition,,,An Extravagant Spectacle,,,,By Rachel Saltz,,Kalank,"Drama, Romance",Hindi,India
https://www.nytimes.com/2019/04/18/movies/rafiki-review.html,The story of a romance between two Kenyan women was shown at Cannes after being banned in Kenya.,The New York Times,"subject: Movies;persons: Kahiu, Wanuri;creative_works: Rafiki (Movie);persons: Mugatsia, Samantha;persons: Munyiva, Sheila;",2019-04-18T11:00:06+0000,251,"‘Rafiki’ Review: Falling in Love, Illegally",,,Rafiki,,,,By Ben Kenigsberg,,Rafiki,"Drama, Romance","Swahili, English","Kenya, South Africa"
https://www.nytimes.com/2019/03/28/movies/diane-review.html,"Mary Kay Place is astonishing as a weary widow dealing with guilt, heartache and a diminishing circle of friends.",The New York Times,"subject: Movies;creative_works: Diane (Movie);persons: Jones, Kent;persons: Place, Mary Kay;persons: Parsons, Estelle;persons: Martin, Andrea (1947- );",2019-03-28T11:00:01+0000,511,"‘Diane’ Review: A Vibrant Tale of Love, Sisterhood and Decline",Critic’s Pick,,"A Vibrant Tale of Love, Sisterhood and Decline",,,,By Jeannette Catsoulis,,Diane,Drama,English,United States of America
https://www.nytimes.com/2019/03/14/movies/five-feet-apart-review.html,Haley Lu Richardson and Cole Sprouse navigate the rules of attraction and of a hospital in this film about living with cystic fibrosis.,The New York Times,"subject: Movies;creative_works: Five Feet Apart (Movie);persons: Baldoni, Justin;",2019-03-14T13:00:07+0000,258,‘Five Feet Apart’ Review: Ailing Teenagers Live Dangerously for Love,,,Five Feet Apart,,,,By Ben Kenigsberg,,Five Feet Apart,"Romance, Drama","Spanish, English, French",United States of America
https://www.nytimes.com/2019/03/13/movies/ash-is-purest-white-review.html,"In Jia Zhangke’s enthralling new feature, Zhao Tao and Liao Fan portray an underworld power couple at the mercy of time and fate.",The New York Times,subject: Movies;persons: Jia Zhang Ke;persons: Liao Fan (1974- );persons: Zhao Tao (1977- );creative_works: Ash Is Purest White (Movie);,2019-03-13T15:44:46+0000,911,‘Ash Is Purest White’ Review: Love Smolders and Crime Pays in a Changing China,Critic’s Pick,,"Gangsters’ Paradise Lost, in China",,,,By A.O. Scott,,Ash Is Purest White,"Crime, Romance, Drama",Mandarin,"France, Japan, China"
https://www.nytimes.com/2019/03/07/movies/gloria-bell-review.html,The Chilean writer-director Sebastián Lelio finds a perfect partner in Moore for this fantastic remake of his 2013 movie “Gloria.”,The New York Times,"subject: Movies;creative_works: Gloria Bell (Movie);persons: Moore, Julianne;persons: Turturro, John;persons: Lelio, Sebastian;",2019-03-07T18:49:47+0000,991,‘Gloria Bell’ Review: Love Is in the Air for a Transcendent Julianne Moore,Critic’s Pick,,"Love, and Some Laughter, Is in the Air",,,,By Manohla Dargis,,Gloria Bell,"Drama, Romance",English,"Chile, United States of America"
https://www.nytimes.com/2019/03/06/movies/black-mother-review.html,"In Khalik Allah’s poetic movie, the most prevalent perspective is not that of a documentarian, but of a filmmaker’s love.",The New York Times,"subject: Documentary Films and Programs;persons: Allah, Khalik (1985- );creative_works: Black Mother (Movie);",2019-03-06T18:30:16+0000,380,‘Black Mother’ Review: Exploring the Roots of Life Itself,Critic’s Pick,,"Exploring the Roots of Life Itself, With Love",,,,By Glenn Kenny,,Black Mother,Documentary,English,United States of America
https://www.nytimes.com/2019/02/28/movies/the-hole-in-the-ground-review.html,"Something strange is going on in the Irish countryside, and it’s not just the giant roiling pit of dirt.",The New York Times,"subject: Movies;creative_works: The Hole in the Ground (Movie);persons: Cronin, Lee (Film Director);",2019-02-28T12:00:09+0000,291,‘The Hole in the Ground’ Review: A Horror Film Is Suffocated by a Mother’s Love,,,The Hole  in the Ground,,,,By Teo Bugbee,,The Hole in the Ground,Horror,English,"United Kingdom, Finland, Ireland"
https://www.nytimes.com/2019/02/20/movies/how-to-train-your-dragon-hidden-world-review.html,The third in this franchise concerns the exigencies that poor Hiccup must face as the leader of Berk.,The New York Times,"subject: Movies;persons: DeBlois, Dean;persons: Baruchel, Jay;persons: Abraham, F Murray;persons: Ferrera, America;creative_works: How to Train Your Dragon: The Hidden World (Movie);",2019-02-21T00:02:36+0000,531,‘How to Train Your Dragon: The Hidden World’ Review: A Series Scales Up,,,Love Takes Wing Amid Trouble in Utopia,,,,By Ben Kenigsberg,,How to Train Your Dragon: The Hidden World,"Animation, Family, Adventure",English,United States of America
https://www.nytimes.com/2019/02/12/movies/sorry-angel-review.html,"Set in early 1990s Paris, Christophe Honoré’s new film presents us with a middle-aged, H.I.V.-stricken writer falling, wearily, for a bookish 20-something.",The New York Times,"subject: Movies;creative_works: Sorry Angel (Movie);persons: Honore, Christophe;",2019-02-12T21:46:52+0000,491,"‘Sorry Angel’ Review: A Love Affair Two Men Start, Knowing the End",Critic’s Pick,,Attraction: That’s the Easy Part,,,,By Glenn Kenny,,Sorry Angel,"Comedy, Drama, Romance","Spanish, French",France
https://www.nytimes.com/2019/02/07/movies/berlin-i-love-you-review.html,"The once-divided nature of Berlin isn’t given much consideration in this film, part of the Cities of Love series.",The New York Times,"subject: Movies;creative_works: Berlin, I Love You (Movie);persons: Agron, Dianna;persons: Knightley, Keira;persons: Luna, Diego;persons: Mirren, Helen;persons: Rourke, Mickey;persons: Wilson, Luke;",2019-02-07T12:00:01+0000,227,"‘Berlin, I Love You’ Review: Many Stories, Not Much Feeling",,,"Berlin, I Love You",,,,By Glenn Kenny,,"Berlin, I Love You",Drama,"English, German","Germany, United States of America"
https://www.nytimes.com/2019/02/07/movies/untogether-review.html,Jemima Kirke and Lola Kirke play damaged siblings in this exasperatingly affected romantic drama from Emma Forrest.,The New York Times,"subject: Movies;persons: Dornan, Jamie;persons: Kirke, Jemima;persons: Kirke, Lola;creative_works: Untogether (Movie);persons: Forrest, Emma;",2019-02-07T12:00:01+0000,269,"‘Untogether’ Review: Adrift in Los Angeles, Looking for Love",,,Untogether,,,,By Jeannette Catsoulis,,Untogether,"Comedy, Drama",English,United States of America
https://www.nytimes.com/2018/12/20/movies/cold-war-review.html,"In post-World War II Poland, a singer and a piano player find each other, fall in love and soon end up on opposite sides of history.",The New York Times,"subject: Movies;creative_works: Cold War (Movie);persons: Pawlikowski, Pawel;persons: Kot, Tomasz;persons: Kulesza, Agata;persons: Szyc, Borys;persons: Kulig, Joanna;",2018-12-20T17:09:56+0000,981,‘Cold War’ Review: Love Without Borders,Critic’s Pick,,A Resonating Love Shall Guide You,,,,By Manohla Dargis,,Cold War,"Drama, Romance, War, Music","German, Croatian, French, Italian, Polish, Russian","France, Poland, United Kingdom"
https://www.nytimes.com/2018/12/12/movies/if-beale-street-could-talk-review.html,"The couple in this adaptation of James Baldwin’s novel are loving while black, an existential truth that is turned into a nightmare.",The New York Times,"subject: Movies;creative_works: If Beale Street Could Talk (Movie);persons: Jenkins, Barry;persons: Baldwin, James (1924-87);persons: James, Stephan (1993- );persons: Layne, KiKi;persons: Wittrock, Finn;",2018-12-12T21:30:02+0000,1057,‘If Beale Street Could Talk’ Review: Trusting Love in a World Ruled by Hate,Critic’s Pick,,Love Is Forced to Live in a Nightmare,,,,By Manohla Dargis,,If Beale Street Could Talk,"Romance, Drama",English,United States of America
https://www.nytimes.com/2018/12/06/movies/asher-review.html,Ron Perlman and Famke Janssen star in this film that finds a hired killer dealing with his own mortality.,The New York Times,"subject: Movies;creative_works: Asher (Movie);persons: Caton-Jones, Michael;persons: Perlman, Ron;persons: Janssen, Famke;",2018-12-06T12:00:04+0000,259,‘Asher’ Review: An Aging Hit Man Finds Love,,,Asher,,,,By Glenn Kenny,,Asher,"Thriller, Action, Drama",English,United States of America
https://www.nytimes.com/2018/11/29/movies/sicilian-ghost-story-review.html,"Flipping from bucolic to brutal with distressing ease, this beautifully realized movie views a Mafia kidnapping through the prism of first love.",The New York Times,"subject: Movies;creative_works: Sicilian Ghost Story (Movie);persons: Grassadonia, Fabio;persons: Piazza, Antonio;",2018-11-29T12:00:06+0000,258,‘Sicilian Ghost Story’ Review: Fairy-Tale Love Meets Real-Life Crime,Critic’s Pick,,Love in an Enchanted Forest Turns Eerie,,,,By Jeannette Catsoulis,,Sicilian Ghost Story,"Mystery, Drama, Fantasy",Italian,"France, Italy, Switzerland"
https://www.nytimes.com/2018/11/08/movies/the-new-romantic-review.html,A college newspaper columnist writes about her experiences trading gifts for sex in a film that squanders its good will.,The New York Times,"subject: Movies;creative_works: The New Romantic (Movie);persons: Barden, Jessica (1992- );persons: Stone, Carly (Film Director);",2018-11-08T12:05:01+0000,269,‘The New Romantic’ Review: Experiments With Love and Money,,,The New Romantic,,,,By Teo Bugbee,,The New Romantic,"Drama, Comedy",English,Canada
https://www.nytimes.com/2018/11/08/movies/pimp-review.html,This lurid melodrama follows a female pimp (Keke Palmer) and her girlfriend-prostitute.,The New York Times,"subject: Movies;persons: Palmer, Keke;persons: Gathegi, Edi;persons: Crokos, Christine;creative_works: Pimp (Movie);",2018-11-08T12:00:01+0000,270,‘Pimp’ Review: Blaxploitation and Lesbian Love,,,Pimp,,,,By Jeannette Catsoulis,,Pimp,Drama,English,United States of America
https://www.nytimes.com/2018/11/08/movies/in-a-relationship-review.html,"Sam Boyd’s gentle, loose-limbed romantic comedy wins no prizes for originality.",The New York Times,"subject: Movies;persons: Roberts, Emma (1991- );persons: Angarano, Michael;persons: Hemingway, Dree (1987- );creative_works: In a Relationship (Movie);persons: Boyd, Sam (Film Director);",2018-11-08T12:00:01+0000,253,‘In a Relationship’ Review: Two Couples at Opposite Stages of Love,,,In a Relationship,,,,By Jeannette Catsoulis,,In a Relationship,"Drama, Comedy, Romance",English,"Mexico, United States of America"
https://www.nytimes.com/2018/05/24/movies/how-to-talk-to-girls-at-parties-review.html,John Cameron Mitchell’s loony romantic comedy encourages young love to bloom in the soil of an alien visitation.,The New York Times,"subject: Movies;creative_works: How to Talk to Girls at Parties (Movie);persons: Mitchell, John Cameron;persons: Fanning, Elle;persons: Sharp, Alexander;",2018-05-24T11:00:01+0000,458,Review: An Alien Teaches a Teenage Punk ‘How to Talk to Girls at Parties’,,,Otherworldly Love in a Punk-Rock World,,,,By Jeannette Catsoulis,,How to Talk to Girls at Parties,"Comedy, Music, Romance, Science Fiction",English,"United Kingdom, United States of America"
https://www.nytimes.com/2018/04/18/movies/godard-mon-amour-review.html,A portrait of a filmmaker in crisis that might have worked better as a comedy sketch.,The New York Times,"subject: Movies;creative_works: Godard Mon Amour (Movie);persons: Hazanavicius, Michel;persons: Godard, Jean-Luc;persons: Wiazemsky, Anne;persons: Garrel, Louis;",2018-04-18T23:02:46+0000,937,"Review: If You Love Godard, You’ll Hate-Watch ‘Godard Mon Amour’",,,"A Portrait and, for Some, a Hate-Watch",,,,By A.O. Scott,,Godard Mon Amour,"Drama, Romance, Comedy","Czech, French, English, Italian","Myanmar, France"
https://www.nytimes.com/2018/03/29/movies/outside-in-review-jay-duplass-edie-falco.html,Edie Falco and Jay Duplass connect romantically in this life-after-prison drama that prioritizes patience and pragmatism over passion.,The New York Times,"subject: Movies;creative_works: Outside In (Movie);persons: Shelton, Lynn;persons: Duplass, Jay;persons: Falco, Edie;persons: Dever, Kaitlyn;",2018-03-29T11:00:01+0000,422,Review: On Parole and in Love in ‘Outside In’,,,On Parole and in Love,,,,By Jeannette Catsoulis,,Outside In,Drama,English,United States of America
https://www.nytimes.com/2018/02/15/movies/the-party-review-timothy-spall-kristin-scott-thomas.html,Sally Potter directs a very fine cast in a would-be comedy about a calamitously bad evening.,The New York Times,"subject: Movies;creative_works: The Party (Movie);persons: Potter, Sally;persons: Spall, Timothy;persons: Scott Thomas, Kristin;",2018-02-15T12:00:25+0000,598,Review: A London Night Goes Wrong in ‘The Party’,,,"  Invite Company. Because After All, Misery Loves It.",,,,By Manohla Dargis,,The Party,Comedy,English,United States of America
https://www.nytimes.com/2018/01/11/movies/lover-for-a-day-review-philippe-garrel.html,"In Philippe Garrel’s drama, a 23-year-old woman moves in with her father and his 23-year-old girlfriend. Complications ensue.",The New York Times,"subject: Movies;creative_works: Lover for a Day (Movie);persons: Garrel, Philippe;",2018-01-11T16:20:53+0000,863,Review: A Man and a Woman (and Another Woman) in ‘Lover for a Day’,,,A Love Triangle With Angles That Are Awkward,,,,By Manohla Dargis,,Lover for a Day,"Drama, Romance",French,France
https://www.nytimes.com/2017/10/05/movies/the-mountain-between-us-review-kate-winslet-idris-elba.html,Idris Elba and Kate Winslet crash into a mountain — and each other — in this drama.,The New York Times,"subject: Movies;creative_works: The Mountain Between Us (Movie);persons: Abu-Assad, Hany;persons: Elba, Idris;persons: Winslet, Kate;",2017-10-05T11:00:05+0000,272,Review: Love in a Cold Climate in ‘The Mountain Between Us’,,,The Mountain Between Us,,,,By Jeannette Catsoulis,,The Mountain Between Us,"Drama, Adventure, Romance",English,United States of America
https://www.nytimes.com/2017/09/14/movies/in-search-of-fellini-review.html,A sheltered young woman enamored of the films of the famous director sets off to Italy to meet him.,The New York Times,"subject: Movies;creative_works: In Search of Fellini (Movie);persons: Cartwright, Nancy;persons: Solo, Ksenia;persons: Lexton, Taron;",2017-09-14T11:00:24+0000,272,Review: Love of Il Maestro Drives ‘In Search of Fellini’,,,In Search of Fellini,,,,By Monica Castillo,,In Search of Fellini,"Drama, Adventure",English,
https://www.nytimes.com/2017/07/27/movies/the-last-face-review-charlize-theron-sean-penn.html,"In war-torn Liberia, Charlize Theron and Javier Bardem face a big problem: how to keep their knotty relationship from fizzling.",The New York Times,"subject: Movies;creative_works: The Last Face (Movie);persons: Penn, Sean;persons: Bardem, Javier;persons: Theron, Charlize;",2017-07-27T20:29:01+0000,280,Review: Aid Workers in Love and War in Sean Penn’s ‘The Last Face’,,,The Last Face,,,,By Glenn Kenny,,The Last Face,Drama,"English, Portuguese",United States of America
https://www.nytimes.com/2017/06/15/movies/lost-in-paris-review.html,"The filmmakers Fiona Gordon and Dominique Abel star in their fourth movie, a tale infused with physical comedy about a woman in search of her aunt.",The New York Times,"creative_works: Lost in Paris (Movie);subject: Movies;persons: Abel, Dominique;persons: Gordon, Fiona;persons: Riva, Emmanuelle;",2017-06-15T19:37:09+0000,254,Review: Finding Love (and Slapstick) While ‘Lost in Paris’,,,Lost in Paris,,,,By Ben Kenigsberg,,Lost in Paris,Comedy,French,"Belgium, France"
https://www.nytimes.com/2017/03/09/movies/the-other-half-review-tatiana-maslany.html,This moody romance stars Tatiana Maslany (“Orphan Black”) as a bipolar painter in love with a brooding cabby (Tom Cullen of “Downton Abbey”).,The New York Times,"subject: Movies;creative_works: The Other Half (Movie);persons: Maslany, Tatiana;persons: Cullen, Tom (1985- );persons: Klein, Joey (Film Director);",2017-03-09T21:54:58+0000,251,Review: A Combustible Pair Find Love in ‘The Other Half’,,,Review: A Combustible Pair Find Love in ‘The Other Half’,,,,By Andy Webster,,The Other Half,"Drama, Romance",English,Canada
https://www.nytimes.com/2017/03/09/movies/review-the-ottoman-lieutenant.html,A nurse travels to the Ottoman Empire on the eve of World War I. Can romance blossom amid earthshaking events?,The New York Times,"subject: Movies;creative_works: The Ottoman Lieutenant (Movie);persons: Ruben, Joseph;persons: Hartnett, Josh;persons: Stockwell, Jeff (1958- );persons: Hilmar, Hera;persons: Huisman, Michiel;",2017-03-09T21:53:12+0000,267,"Review: Love as the World Wars, in ‘The Ottoman Lieutenant’",,,"Review: Love as the World Wars, in ‘The Ottoman Lieutenant’",,,,By Neil Genzlinger,,The Ottoman Lieutenant,"Romance, Drama, War","Turkish, English","Turkey, United States of America"
